doi,pmid,pmcid,year,authors,title,journal,sources,scopus_eid,wos_ut,embase_pui,filename
10.3390/pathogens15010028,41599011,PMC12845504,2025,Hetta,Taming Superbugs: Current Progress and Challenges in Combating ESKAPE Pathogens.,"Pathogens (Basel, Switzerland)",PubMed,,,,Hetta_2025
10.1016/j.micpath.2025.108256,41422868,,2025,Masoomi,Salvia abrotanoides leaves and flowers essential oils inhibit the quorum-sensing system of extensively drug-resistant (XDR) Acinetobacter baumannii.,Microbial pathogenesis,PubMed,,,,Masoomi_2025
10.1186/s12866-025-04525-z,41420149,PMC12859838,2025,Arazi,Genomic and functional characterization of a novel lytic phage vB-AbaM-fThrA with anti-biofilm activity against CR-MDR Acinetobacter baumannii.,BMC microbiology,PubMed,,,,Arazi_2025
10.1186/s12866-025-04507-1,41390371,PMC12701606,2025,Nosair,"Deciphering the efficacy of staphyloxanthin-encapsulated niosomal nanovesicles to attenuate biofilm formation, quorum sensing, and meropenem persistence in Acinetobacter baumannii.",BMC microbiology,PubMed,,,,Nosair_2025
10.1007/s00203-025-04623-6,41379337,,2025,Vinitha,"Acinetobacter baumannii-rare virulence factors and pathogenesis: the impact of biofilm associated protein (Bap), outer membrane vesicles, and iron acquisition system.",Archives of microbiology,PubMed,,,,Vinitha_2025
10.3390/v17111441,41305464,PMC12656882,2025,de Villiers de la Noue,Rational Design of a Potent Two-Phage Cocktail Against a Contemporary Acinetobacter baumannii Strain Recovered from a Burned Patient at the Lausanne University Hospital.,Viruses,PubMed,,,,deVilliersdelaNoue_2025
10.1016/j.bioorg.2025.109226,41218264,,2025,Qadir,Antibacterial and antibiofilm activities of bioactive metabolites from Salmonella typhi against multidrug-resistant pathogens.,Bioorganic chemistry,PubMed,,,,Qadir_2025
10.3390/antibiotics14100961,41148653,PMC12561047,2025,Vera-Jauregui,A Newly Discovered Obolenskvirus Phage with Sustained Lytic Activity Against Multidrug-Resistant Acinetobacter baumannii.,"Antibiotics (Basel, Switzerland)",PubMed,,,,VeraJauregui_2025
10.1007/s00284-025-04533-2,41102536,,2025,Wei,Harnessing Plant Essential Oils to Combat Acinetobacter baumannii: Research Progress in Antimicrobial Mechanisms and Therapeutic Prospects.,Current microbiology,PubMed,,,,Wei_2025
10.1002/cbdv.202502050,41084179,,2025,Dzib-Baak,Mechanistic Insights Into the Effect of the Essential Oil of Ambrosia hispida Pursh. Against Multidrug-Resistant Clinical Isolates of Acinetobacter baumannii.,Chemistry & biodiversity,PubMed,,,,DzibBaak_2025
10.14202/vetworld.2025.2181-2193,41064837,PMC12501579,2025,Santajit,Phytochemical inhibition of quorum sensing and biofilm formation by Paederia foetida Linn. against multidrug-resistant Acinetobacter baumannii: An integrated in vitro and in silico investigation.,Veterinary world,PubMed,,,,Santajit_2025
10.1099/mgen.0.001500,40961326,PMC12444785,2025,Nghiem,"Dominance of high-risk clones ST2 and ST571 and the diversity of resistance islands in clinical Acinetobacter baumannii isolates from Hanoi, Vietnam.",Microbial genomics,PubMed,,,,Nghiem_2025
10.1016/j.virol.2025.110676,40916327,,2025,Elshamy,Genomic analysis and preclinical evaluation of two hydrogel-formulated novel virulent phages isolated against a carbapenem-resistant Acinetobacter baumannii.,Virology,PubMed,,,,Elshamy_2025
10.3390/microorganisms13081816,40871320,PMC12388334,2025,Sorenson,Biofilm Formation and the Role of Efflux Pumps in ESKAPE Pathogens.,Microorganisms,PubMed,,,,Sorenson_2025
10.1186/s12985-025-02885-6,40739242,PMC12308983,2025,Essam,"Isolation and characterization of phages ΦZC2 and ΦZC3 against carbapenem-resistant Acinetobacter baumannii, and efficacy of ΦZC3 on A549 cells.",Virology journal,PubMed,,,,Essam_2025
10.3390/ph18070947,40732238,PMC12299710,2025,Duda-Madej,Exploring the Role of Berberine as a Molecular Disruptor in Antimicrobial Strategies.,"Pharmaceuticals (Basel, Switzerland)",PubMed,,,,DudaMadej_2025
10.5812/ijpr-160772,40718444,PMC12297010,2025,Majidi Fard,Investigation of Peppermint (Mentha piperita) Extract on the Inhibition of Biofilm Formation by Acinetobacter baumannii Strains Isolated from Clinical Samples.,Iranian journal of pharmaceutical research : IJPR,PubMed,,,,MajidiFard_2025
10.1371/journal.pone.0326330,40705813,PMC12289009,2025,Ghavanloughajar,Human whole blood influences the expression of Acinetobacter baumannii genes related to translation and siderophore production.,PloS one,PubMed,,,,Ghavanloughajar_2025
10.1016/j.crmicr.2025.100434,40686839,PMC12272471,2025,Wiradiputra,Genomic insights into biofilm-associated virulence in extensively drug-resistant Acinetobacter baumannii.,Current research in microbial sciences,PubMed,,,,Wiradiputra_2025
10.1080/21505594.2025.2530169,40660701,PMC12269709,2025,Cui,Carnosol attenuates Acinetobacter baumannii virulence by interfering with indole-mediated quorum sensing.,Virulence,PubMed,,,,Cui_2025
10.1186/s13073-025-01500-1,40598567,PMC12220160,2025,Lebreton,High genetic relatedness between multidrug resistant bacteria before and after the 2022 invasion of Ukraine.,Genome medicine,PubMed,,,,Lebreton_2025
10.3205/dgkh000552,40529473,PMC12172066,2025,Azimi,Virulent genes related to the synthesis of community interaction factors among clinical samples of multidrug-resistant Acinetobacter baumannii in Iran.,GMS hygiene and infection control,PubMed,,,,Azimi_2025
10.1016/j.ijpharm.2025.125842,40513689,,2025,Yu Cheng,Storage stability prediction of spray dried Anti-Acinetobacter baumannii phage and phage cocktail powders.,International journal of pharmaceutics,PubMed,,,,YuCheng_2025
10.1016/j.csbj.2025.05.032,40510767,PMC12162036,2025,Cui,Signaling in Acinetobacter baumannii: Quorum sensing and nucleotide second messengers.,Computational and structural biotechnology journal,PubMed,,,,Cui_2025_2
10.1016/j.meegid.2025.105782,40490126,,2025,Chanchaithong,Localization of AbaR4-type genomic islands and multidrug resistance plasmids in multiple Acinetobacter baumannii clones and Acinetobacter pittii from infections of dogs and cats.,"Infection, genetics and evolution : journal of molecular epidemiology and evolutionary genetics in infectious diseases",PubMed,,,,Chanchaithong_2025
10.3390/antibiotics14050517,40426583,PMC12108150,2025,Carpenito,LC-MS/MS Determination of Quorum Sensing Molecules in Plasma from Burn Patients with Septic Shock Sustained by Acinetobacter Baumannii.,"Antibiotics (Basel, Switzerland)",PubMed,,,,Carpenito_2025
10.3390/cells14100744,40422247,PMC12109783,2025,Wheeler,MvfR Shapes Pseudomonas aeruginosa Interactions in Polymicrobial Contexts: Implications for Targeted Quorum-Sensing Inhibition.,Cells,PubMed,,,,Wheeler_2025
10.1080/07391102.2025.2507812,40420564,,2025,Alagesan,Targeting TetR-family transcription regulators for combating tetracycline resistance in resilient Acinetobacter baumannii: in silico identification of potent inhibitors.,Journal of biomolecular structure & dynamics,PubMed,,,,Alagesan_2025
10.1128/aac.01858-24,40407309,PMC12217454,2025,Xie,"Contribution of RND superfamily multidrug efflux pumps AdeABC, AdeFGH, and AdeIJK to antimicrobial resistance and virulence factors in multidrug-resistant Acinetobacter baumannii AYE.",Antimicrobial agents and chemotherapy,PubMed,,,,Xie_2025
10.7754/Clin.Lab.2024.240926,40387740,,2025,Tolah,Genome of a Carbapenem Resistant Acinetobacter baumannii Isolate of a new Sequence Type ST1724 from Saudi Arabia.,Clinical laboratory,PubMed,,,,Tolah_2025
10.1002/ddr.70101,40384051,,2025,Khafagy,"Repurposing Nitroimidazoles: A New Frontier in Combatting Bacterial Virulence and Quorum Sensing via In Silico, In Vitro, and In Vivo Insights.",Drug development research,PubMed,,,,Khafagy_2025
10.1128/spectrum.03388-24,40231681,PMC12073863,2025,Li,Indole derivatives display antimicrobial and antibiofilm effects against extensively drug-resistant Acinetobacter baumannii.,Microbiology spectrum,PubMed,,,,Li_2025
10.1038/s41429-025-00816-9,40164737,,2025,Jiang,Terramide A: a novel ironophore targeting Acinetobacter baumannii with mechanistic insights into bacterial iron deprivation.,The Journal of antibiotics,PubMed,,,,Jiang_2025
10.1099/jmm.0.001980,40100248,PMC11920071,2025,Krishnan,Fractional inhibitory concentration of bio-actives from agricultural waste disassembles biofilms and quenches virulence of nosocomial pathogens.,Journal of medical microbiology,PubMed,,,,Krishnan_2025
10.1080/1040841X.2025.2473332,40098357,,2025,Chong,Insights into biofilm-mediated mechanisms driving last-resort antibiotic resistance in clinical ESKAPE pathogens.,Critical reviews in microbiology,PubMed,,,,Chong_2025
10.1016/j.micpath.2025.107488,40090498,,2025,İşlek,Isolation and characterization a novel Acinetobacter bacteriophage with activity against several multidrug-resistant Gram-negative bacteria.,Microbial pathogenesis,PubMed,,,,lek_2025
10.1186/s12866-025-03854-3,40057696,PMC11889872,2025,Su,Characterization of a novel lytic phage vB_AbaM_AB4P2 encoding depolymerase and its application in eliminating biofilms formed by Acinetobacter baumannii.,BMC microbiology,PubMed,,,,Su_2025
10.1016/j.compbiolchem.2025.108413,40056709,,2025,Aruwa,Modulating Acinetobacter baumannii BfmR (RstA) drug target: Daniellia oliveri compounds as RstA quorum sensing inhibitors.,Computational biology and chemistry,PubMed,,,,Aruwa_2025
10.1016/j.compbiomed.2025.109828,39938338,,2025,Bell I,Targeting the quorum sensing network in Acinetobacter baumannii: A dual target structure-based approach for the development of novel antimicrobials.,Computers in biology and medicine,PubMed,,,,BellI_2025
10.1101/2025.01.17.633658,39896648,PMC11785035,2025,Beasley,Breaking the Phalanx: Overcoming Bacterial Drug Resistance with Quorum Sensing Inhibitors that Enhance Therapeutic Activity of Antibiotics.,bioRxiv : the preprint server for biology,PubMed,,,,Beasley_2025
10.1186/s12941-024-00766-4,39806310,PMC11731405,2025,Zhang,Understanding the clinical and molecular epidemiological characteristics of carbapenem-resistant Acinetobacter baumannii infections within intensive care units of three teaching hospitals.,Annals of clinical microbiology and antimicrobials,PubMed,,,,Zhang_2025
10.1186/s12866-024-03727-1,39799303,PMC11724464,2025,Sharma,Comparative study of phenotypic and genotypic expression of virulence factors in colonizing and pathogenic carbapenem resistant Acinetobacter baumannii (CRAB).,BMC microbiology,PubMed,,,,Sharma_2025
10.1016/j.micpath.2025.107283,39778756,,2025,Zehra,"Relationship of biofilm formation with antibiotic resistance, virulence determinants and genetic diversity in clinically isolated Acinetobacter baumannii strains in Karachi, Pakistan.",Microbial pathogenesis,PubMed,,,,Zehra_2025
10.2147/IDR.S491858,39759767,PMC11699857,2024,Liu,Molecular Epidemiology and Genetic Characterization of Carbapenem-Resistant Acinetobacter baumannii Isolates from the ICU of a Tertiary Hospital in East China.,Infection and drug resistance,PubMed,,,,Liu_2024
10.1007/s10096-024-05009-0,39739165,,2024,Pathoor,3-Hydroxybenzoic acid inhibits the virulence attributes and disrupts biofilm production in clinical isolates of Acinetobacter baumannii.,European journal of clinical microbiology & infectious diseases : official publication of the European Society of Clinical Microbiology,PubMed,,,,Pathoor_2024
10.7717/peerj.18722,39735565,PMC11674141,2024,Rothong,Antimicrobial activity and synergistic effect of phage-encoded antimicrobial peptides with colistin and outer membrane permeabilizing agents against Acinetobacter baumannii.,PeerJ,PubMed,,,,Rothong_2024
10.1016/j.micpath.2024.107118,39551112,,2024,Oh,Comparative genomic and phenotypic analysis of low- and high-virulent Acinetobacter baumannii strains: Insights into antimicrobial resistance and virulence potential.,Microbial pathogenesis,PubMed,,,,Oh_2024
10.1007/s11030-024-11041-1,39543024,,2024,Swain,Transcriptome and interactome-based analyses to unravel crucial proteins and pathways involved in Acinetobacter baumannii pathogenesis.,Molecular diversity,PubMed,,,,Swain_2024
10.1016/j.ijantimicag.2024.107358,39414173,,2024,Chen,Emergence of extensively-drug-resistant hypervirulent Acinetobacter baumannii isolated from patients with bacteraemia: bacterial phenotype and virulence analysis.,International journal of antimicrobial agents,PubMed,,,,Chen_2024
10.1007/s00203-024-04142-w,39375235,,2024,Subbarayudu,Impact of acidic and alkaline conditions on Staphylococcus aureus and Acinetobacter baumannii interactions and their biofilms.,Archives of microbiology,PubMed,,,,Subbarayudu_2024
10.3390/ijms25189780,39337268,PMC11432228,2024,Benyamini,The Comparative Characterization of a Hypervirulent Acinetobacter baumannii Bacteremia Clinical Isolate Reveals a Novel Mechanism of Pathogenesis.,International journal of molecular sciences,PubMed,,,,Benyamini_2024
10.3390/antibiotics13090807,39334982,PMC11428969,2024,Yao,"Comparison of Hypervirulent and Non-Hypervirulent Carbapenem-Resistant Acinetobacter baumannii Isolated from Bloodstream Infections: Mortality, Potential Virulence Factors, and Combination Therapy In Vitro.","Antibiotics (Basel, Switzerland)",PubMed,,,,Yao_2024
10.1016/j.micpath.2024.106937,39293727,,2024,Ribeiro,Eugenol as a promising antibiofilm and anti-quorum sensing agent: A systematic review.,Microbial pathogenesis,PubMed,,,,Ribeiro_2024
10.1073/pnas.2409843121,39288183,PMC11441513,2024,Tuffet,Manipulation of natural transformation by AbaR-type islands promotes fixation of antibiotic resistance in Acinetobacter baumannii.,Proceedings of the National Academy of Sciences of the United States of America,PubMed,,,,Tuffet_2024
10.1038/s41598-024-72740-1,39277662,PMC11401864,2024,Pumirat,"Impact of AbaI mutation on virulence, biofilm development, and antibiotic susceptibility in Acinetobacter baumannii.",Scientific reports,PubMed,,,,Pumirat_2024
10.1016/j.micpath.2024.106929,39270758,,2024,Chen,"Clinical, phenotypic characterization and genomic analysis of the mucoid Acinetobacter baumannii from a teaching hospital.",Microbial pathogenesis,PubMed,,,,Chen_2024_2
10.1097/MD.0000000000038341,39252274,PMC11383728,2024,Dong,Erythromycin disrupts Acinetobacter baumannii biofilms through destruction of the quorum sensing system.,Medicine,PubMed,,,,Dong_2024
10.1371/journal.ppat.1012529,39241032,PMC11410210,2024,Harkova,Cyclic AMP is a global virulence regulator governing inter and intrabacterial signalling in Acinetobacter baumannii.,PLoS pathogens,PubMed,,,,Harkova_2024
10.1038/s41598-024-70216-w,39160175,PMC11333713,2024,Escalante,Carbapenem-resistant Acinetobacter baumannii (CRAB): metabolic adaptation and transcriptional response to human urine (HU).,Scientific reports,PubMed,,,,Escalante_2024
10.1016/j.ijbiomac.2024.134568,39116980,,2024,Jiang,The role of AbaI quorum sensing molecule synthase in host cell inflammation induced by Acinetobacter baumannii and its effect on zebrafish infection model.,International journal of biological macromolecules,PubMed,,,,Jiang_2024
10.1007/s00253-024-13208-0,39066795,PMC11283397,2024,Li,A novel Saclayvirus Acinetobacter baumannii phage genomic analysis and effectiveness in preventing pneumonia.,Applied microbiology and biotechnology,PubMed,,,,Li_2024
10.1093/lambio/ovae061,38942450,,2024,de Souza,Evaluating virulence features of Acinetobacter baumannii resistant to polymyxin B.,Letters in applied microbiology,PubMed,,,,deSouza_2024
10.1016/j.micpath.2024.106743,38879138,,2024,Firdose,Antibacterial mechanism of Pseudomonas aeruginosa UKMP14T rhamnolipids against multidrug resistant Acinetobacter baumannii.,Microbial pathogenesis,PubMed,,,,Firdose_2024
10.1016/j.isci.2024.109942,38812547,PMC11134903,2024,Guo,Acinetobacter baumannii biofilm was inhibited by tryptanthrin through disrupting its different stages and genes expression.,iScience,PubMed,,,,Guo_2024
10.1007/s10123-024-00532-8,38767683,,2024,Koshak,Piceatannol: a renaissance in antibacterial innovation unveiling synergistic potency and virulence disruption against serious pathogens.,International microbiology : the official journal of the Spanish Society for Microbiology,PubMed,,,,Koshak_2024
10.1093/femspd/ftae009,38724459,PMC11110857,2024,Gonzales,"Disrupting quorum sensing as a strategy to inhibit bacterial virulence in human, animal, and plant pathogens.",Pathogens and disease,PubMed,,,,Gonzales_2024
10.2217/fmb-2023-0263,38683166,PMC11290764,2024,Rajangam,Current treatment strategies for targeting virulence factors and biofilm formation in Acinetobacter baumannii.,Future microbiology,PubMed,,,,Rajangam_2024
10.1007/s00284-024-03656-2,38597994,,2024,Huidrom,Antimicrobial and Probiotic Potential of Lactobacilli Associated with Traditional Fermented Beverages.,Current microbiology,PubMed,,,,Huidrom_2024
10.1016/j.jsps.2024.102041,38558886,PMC10981156,2024,Elfaky,Assessing the antibacterial potential of 6-gingerol: Combined experimental and computational approaches.,Saudi pharmaceutical journal : SPJ : the official publication of the Saudi Pharmaceutical Society,PubMed,,,,Elfaky_2024
10.1016/j.synbio.2024.03.002,38545458,PMC10965436,2024,Lu,Antibacterial activity and mechanism of X33 antimicrobial oligopeptide against Acinetobacter baumannii.,Synthetic and systems biotechnology,PubMed,,,,Lu_2024
10.3389/fcimb.2024.1351993,38524182,PMC10958429,2024,Jiang,Characterization of a Straboviridae phage vB_AbaM-SHI and its inhibition effect on biofilms of Acinetobacter baumannii.,Frontiers in cellular and infection microbiology,PubMed,,,,Jiang_2024_2
10.1099/jmm.0.001813,38506718,,2024,Jha,"In vitro and in silico assessment of anti-biofilm and anti-quorum sensing properties of 2,4-Di-tert butylphenol against Acinetobacter baumannii.",Journal of medical microbiology,PubMed,,,,Jha_2024
10.1007/s00705-024-05986-9,38451338,,2024,Tan,Isolation and genome-wide analysis of the novel Acinetobacter baumannii bacteriophage vB_AbaM_AB3P2.,Archives of virology,PubMed,,,,Tan_2024
10.1002/cbf.3966,38444208,,2024,Erol,Characterization of two bacteriophages specific to Acinetobacter baumannii and their effects on catheters biofilm.,Cell biochemistry and function,PubMed,,,,Erol_2024
10.1111/apm.13399,38444124,,2024,Naseef Pathoor,Understanding the biofilm development of Acinetobacter baumannii and novel strategies to combat infection.,"APMIS : acta pathologica, microbiologica, et immunologica Scandinavica",PubMed,,,,NaseefPathoor_2024
10.1093/nar/gkae129,38407477,PMC11014353,2024,Correa,Novel mechanisms of diversity generation in Acinetobacter baumannii resistance islands driven by Tn7-like elements.,Nucleic acids research,PubMed,,,,Correa_2024
10.1016/j.watres.2024.121162,38277828,,2024,He,Deciphering the potential role of quorum quenching in efficient aerobic denitrification driven by a synthetic microbial community.,Water research,PubMed,,,,He_2024
10.3389/fcimb.2023.1324091,38274737,PMC10808703,2024,Cook,DNA damage response coregulator ddrR affects many cellular pathways and processes in Acinetobacter baumannii 17978.,Frontiers in cellular and infection microbiology,PubMed,,,,Cook_2024
10.1556/030.2024.02201,38261035,,2024,Strateva,First detection of a cefiderocol-resistant and extensively drug-resistant Acinetobacter baumannii clinical isolate in Bulgaria.,Acta microbiologica et immunologica Hungarica,PubMed,,,,Strateva_2024
10.1128/spectrum.02523-23,38230925,PMC10846280,2024,Yousefi Nojookambari,"Sub-minimum inhibitory concentrations (sub-MICs) of colistin on Acinetobacter baumannii biofilm formation potency, adherence, and invasion to epithelial host cells: an experimental study in an Iranian children's referral hospital.",Microbiology spectrum,PubMed,,,,YousefiNojookambari_2024
10.3389/fcimb.2023.1278819,38192399,PMC10773864,2023,Fernández-Vázquez,Pandrug-resistant Acinetobacter baumannii from different clones and regions in Mexico have a similar plasmid carrying the blaOXA-72 gene.,Frontiers in cellular and infection microbiology,PubMed,,,,FernndezVzquez_2023
10.1016/j.jep.2023.117611,38158095,,2023,Koshak,Antimicrobial and anti-virulence activities of 4-shogaol from grains of paradise against gram-negative bacteria: Integration of experimental and computational methods.,Journal of ethnopharmacology,PubMed,,,,Koshak_2023
10.14715/cmb/2023.69.12.31,38063097,,2023,Mohamad,"Down-regulation of abaI, abaR, Bap and OmpA genes in Acinetobacter baumannii by ethanol extract of Glycyrrhiza glabra after toxicity assessment.","Cellular and molecular biology (Noisy-le-Grand, France)",PubMed,,,,Mohamad_2023
10.1016/j.intimp.2023.111311,38043271,,2023,Chu,Perillaldehyde: A promising antibacterial agent for the treatment of pneumonia caused by Acinetobacter baumannii infection.,International immunopharmacology,PubMed,,,,Chu_2023
10.1039/d3bm01383a,37937608,,2023,Mukhopadhyay,A thermosensitive hydrogel formulation of phage and colistin combination for the management of multidrug-resistant Acinetobacter baumannii wound infections.,Biomaterials science,PubMed,,,,Mukhopadhyay_2023
10.24171/j.phrp.2022.0323,37920891,PMC10626324,2023,Bhowmik,Strategies to combat Gram-negative bacterial resistance to conventional antibacterial drugs: a review.,Osong public health and research perspectives,PubMed,,,,Bhowmik_2023
10.1016/j.micpath.2023.106434,37913828,,2023,Ko,PmrAB controls virulence-associated traits and outer membrane vesicle biogenesis in Acinetobacter baumannii.,Microbial pathogenesis,PubMed,,,,Ko_2023
10.1007/s00726-023-03346-6,37907777,,2023,Ghanipour,Effect of lipopeptide extracted from Bacillus licheniformis on the expression of bap and luxI genes in multi-drug-resistant Acinetobacter baumannii and Pseudomonas aeruginosa.,Amino acids,PubMed,,,,Ghanipour_2023
10.1007/s00203-023-03710-w,37906317,,2023,Acharya,A comprehensive profiling of quorum quenching by bacterial pigments identifies quorum sensing inhibition and antibiofilm action of prodigiosin against Acinetobacter baumannii.,Archives of microbiology,PubMed,,,,Acharya_2023
10.1007/s10096-023-04677-8,37897520,PMC10651561,2023,Mendes,Co-regulation of biofilm formation and antimicrobial resistance in Acinetobacter baumannii: from mechanisms to therapeutic strategies.,European journal of clinical microbiology & infectious diseases : official publication of the European Society of Clinical Microbiology,PubMed,,,,Mendes_2023
10.3390/microorganisms11102551,37894209,PMC10608816,2023,Chávez-Hernández,"Phenotypic and Genomic Characterization of Streptomyces pakalii sp. nov., a Novel Species with Anti-Biofilm and Anti-Quorum Sensing Activity in ESKAPE Bacteria.",Microorganisms,PubMed,,,,ChvezHernndez_2023
10.3390/antibiotics12091365,37760662,PMC10525453,2023,Natsheh,Inhibition of Acinetobacter baumannii Biofilm Formation Using Different Treatments of Silica Nanoparticles.,"Antibiotics (Basel, Switzerland)",PubMed,,,,Natsheh_2023
10.1016/j.ejmech.2023.115819,37748387,,2023,Gómez,Synthesis and evaluation of aromatic BDSF bioisosteres on biofilm formation and colistin sensitivity in pathogenic bacteria.,European journal of medicinal chemistry,PubMed,,,,Gmez_2023
10.2147/IDR.S417751,37667809,PMC10475287,2023,Lin,Glabridin Functions as a Quorum Sensing Inhibitor to Inhibit Biofilm Formation and Swarming Motility of Multidrug-Resistant Acinetobacter baumannii.,Infection and drug resistance,PubMed,,,,Lin_2023
10.1093/pnasnexus/pgad274,37649583,PMC10465187,2023,Cui,A response regulator controls Acinetobacter baumannii virulence by acting as an indole receptor.,PNAS nexus,PubMed,,,,Cui_2023
10.1016/j.micpath.2023.106307,37604213,,2023,Mathur,Photodynamic therapy for ESKAPE pathogens: An emerging approach to combat antimicrobial resistance (AMR).,Microbial pathogenesis,PubMed,,,,Mathur_2023
10.1007/s00284-023-03356-3,37596435,,2023,Babaeekhou,Photodynamic Therapy and Its Synergism with Melittin Against Drug-Resistant Acinetobacter baumannii Isolates with High Biofilm Formation Ability.,Current microbiology,PubMed,,,,Babaeekhou_2023
10.1016/j.ijantimicag.2023.106951,37574030,,2023,Mukhopadhyay,Sequential treatment effects on phage-antibiotic synergistic application against multi-drug-resistant Acinetobacter baumannii.,International journal of antimicrobial agents,PubMed,,,,Mukhopadhyay_2023_2
10.1016/j.sjbs.2023.103743,37564783,PMC10410175,2023,Mumtaz,Assesment of polyphenolic compounds against biofilms produced by clinical Acinetobacter baumannii strains using in silico and in vitro models.,Saudi journal of biological sciences,PubMed,,,,Mumtaz_2023
10.1016/j.micpath.2023.106264,37474078,,2023,Khoshbakht,Novel approaches to overcome Colistin resistance in Acinetobacter baumannii: Exploring quorum quenching as a potential solution.,Microbial pathogenesis,PubMed,,,,Khoshbakht_2023
10.3389/fcimb.2023.1159798,37457962,PMC10339816,2023,Venkateswaran,"Revisiting ESKAPE Pathogens: virulence, resistance, and combating strategies focusing on quorum sensing.",Frontiers in cellular and infection microbiology,PubMed,,,,Venkateswaran_2023
10.1038/s41598-023-38453-7,37443351,PMC10345192,2023,Mardiana,Characterization of a novel and active temperate phage vB_AbaM_ABMM1 with antibacterial activity against Acinetobacter baumannii infection.,Scientific reports,PubMed,,,,Mardiana_2023
10.1038/s41598-023-33822-8,37156803,PMC10167329,2023,Sitthisak,"Antibacterial activity of vB_AbaM_PhT2 phage hydrophobic amino acid fusion endolysin, combined with colistin against Acinetobacter baumannii.",Scientific reports,PubMed,,,,Sitthisak_2023
10.3389/fphar.2023.1135180,37063277,PMC10097947,2023,Zeng,Effect of traditional Chinese medicine monomers interfering with quorum-sensing on virulence factors of extensively drug-resistant Acinetobacter baumannii.,Frontiers in pharmacology,PubMed,,,,Zeng_2023
10.3390/v15030739,36992448,PMC10051250,2023,Peters,Characterization of Virulent T4-Like Acinetobacter baumannii Bacteriophages DLP1 and DLP2.,Viruses,PubMed,,,,Peters_2023
10.3390/biology12030358,36979049,PMC10045941,2023,Traglia,Genomic Comparative Analysis of Two Multi-Drug Resistance (MDR) Acinetobacter baumannii Clinical Strains Assigned to International Clonal Lineage II Recovered Pre- and Post-COVID-19 Pandemic.,Biology,PubMed,,,,Traglia_2023
10.3390/antibiotics12030623,36978490,PMC10044867,2023,Rajapaksha,The Antimicrobial Peptide Octopromycin Suppresses Biofilm Formation and Quorum Sensing in Acinetobacter baumannii.,"Antibiotics (Basel, Switzerland)",PubMed,,,,Rajapaksha_2023
10.1007/s11274-023-03545-z,36781570,,2023,Memariani,Antibiofilm properties of cathelicidin LL-37: an in-depth review.,World journal of microbiology & biotechnology,PubMed,,,,Memariani_2023
10.1016/j.heliyon.2023.e12837,36685419,PMC9852675,2023,Tiwari,Assessment of potassium ion channel during electric signalling in biofilm formation of Acinetobacter baumannii for finding antibiofilm molecule.,Heliyon,PubMed,,,,Tiwari_2023
10.1186/s12866-023-02758-4,36658487,PMC9850556,2023,Pourhajibagher,Antimicrobial activity of D-amino acid in combination with photo-sonoactivated hypericin nanoparticles against Acinetobacter baumannii.,BMC microbiology,PubMed,,,,Pourhajibagher_2023
10.1093/jambio/lxac023,36626755,,2023,Li,"Triple combination of SPR741, clarithromycin, and erythromycin against Acinetobacter baumannii and its tolerant phenotype.",Journal of applied microbiology,PubMed,,,,Li_2023
10.3389/fmicb.2022.1029098,36560948,PMC9763703,2022,Panda,Recent advances to combat ESKAPE pathogens with special reference to essential oils.,Frontiers in microbiology,PubMed,,,,Panda_2022
10.18502/ijm.v14i5.10966,36531823,PMC9723426,2022,Esmaeili-Fard-Barzegar,Lytic potential of a filamentous bacteriophage isolated from sewage water in Tehran on clinical carbapenem-resistant strains.,Iranian journal of microbiology,PubMed,,,,EsmaeiliFardBarzegar_2022
10.3389/fcimb.2022.997897,36519127,PMC9742364,2022,Kumkar,"Diversity of resistant determinants, virulence factors, and mobile genetic elements in Acinetobacter baumannii from India: A comprehensive in silico genome analysis.",Frontiers in cellular and infection microbiology,PubMed,,,,Kumkar_2022
10.1016/j.bmc.2022.117095,36442439,,2022,Jia,Synthesis and antibiofilm evaluation of N-acyl-2-aminopyrimidine derivatives against Acinetobacter baumannii.,Bioorganic & medicinal chemistry,PubMed,,,,Jia_2022
10.3390/v14112561,36423170,PMC9695679,2022,Wintachai,Isolation and Characterization of a Phapecoctavirus Infecting Multidrug-Resistant Acinetobacter baumannii in A549 Alveolar Epithelial Cells.,Viruses,PubMed,,,,Wintachai_2022
10.1007/s00203-022-03308-8,36383290,,2022,Laliany,"In vitro virulence activity of Pseudomonas aeruginosa, enhanced by either Acinetobacter baumannii or Enterococcus faecium through the polymicrobial interactions.",Archives of microbiology,PubMed,,,,Laliany_2022
10.3390/ijms232113136,36361923,PMC9657202,2022,Kim,Complementary Regulation of BfmRS Two-Component and AbaIR Quorum Sensing Systems to Express Virulence-Associated Genes in Acinetobacter baumannii.,International journal of molecular sciences,PubMed,,,,Kim_2022
10.1186/s12941-022-00536-0,36335338,PMC9637306,2022,Zhu,Insight into carbapenem resistance and virulence of Acinetobacter baumannii from a children's medical centre in eastern China.,Annals of clinical microbiology and antimicrobials,PubMed,,,,Zhu_2022
10.3390/ph15101212,36297324,PMC9607359,2022,Bazaid,"The Antimicrobial Effects of Saudi Sumra Honey against Drug Resistant Pathogens: Phytochemical Analysis, Antibiofilm, Anti-Quorum Sensing, and Antioxidant Activities.","Pharmaceuticals (Basel, Switzerland)",PubMed,,,,Bazaid_2022
10.3390/ijms232012705,36293559,PMC9603859,2022,Shenkutie,Effects of Sub-Minimum Inhibitory Concentrations of Imipenem and Colistin on Expression of Biofilm-Specific Antibiotic Resistance and Virulence Genes in Acinetobacter baumannii Sequence Type 1894.,International journal of molecular sciences,PubMed,,,,Shenkutie_2022
10.3390/biology11101466,36290370,PMC9598666,2022,Santajit,Quorum Sensing in ESKAPE Bugs: A Target for Combating Antimicrobial Resistance and Bacterial Virulence.,Biology,PubMed,,,,Santajit_2022
10.1080/03639045.2022.2132260,36191015,,2022,Siddique,Ecofriendly phytosynthesized zirconium oxide nanoparticles as antibiofilm and quorum quenching agents against Acinetobacter baumannii.,Drug development and industrial pharmacy,PubMed,,,,Siddique_2022
10.1007/s11030-022-10533-2,36190592,,2022,Jha,"Droperidol as a potential inhibitor of acyl-homoserine lactone synthase from A. baumannii: insights from virtual screening, MD simulations and MM/PBSA calculations.",Molecular diversity,PubMed,,,,Jha_2022
10.1556/1886.2022.00015,36149764,PMC9530676,2022,Maisch,Antibacterial effects of vanilla ingredients provide novel treatment options for infections with multidrug-resistant bacteria - A recent literature review.,European journal of microbiology & immunology,PubMed,,,,Maisch_2022
10.3389/fmicb.2022.909886,36060733,PMC9428484,2022,Yadav,In silico analysis reveals the co-existence of CRISPR-Cas type I-F1 and type I-F2 systems and its association with restricted phage invasion in Acinetobacter baumannii.,Frontiers in microbiology,PubMed,,,,Yadav_2022
10.1038/s41598-022-19012-y,36030268,PMC9420150,2022,Escalante,Human serum albumin (HSA) regulates the expression of histone-like nucleoid structure protein (H-NS) in Acinetobacter baumannii.,Scientific reports,PubMed,,,,Escalante_2022
10.1016/j.jep.2022.115602,36030030,,2022,Wang,Evaluation of the antimicrobial function of Ginkgo biloba exocarp extract against clinical bacteria and its effect on Staphylococcus haemolyticus by disrupting biofilms.,Journal of ethnopharmacology,PubMed,,,,Wang_2022
10.3390/antibiotics11081136,36010006,PMC9404735,2022,Segatore,In Vitro Activity of Sulbactam-Durlobactam against Carbapenem-Resistant Acinetobacter baumannii Clinical Isolates: A Multicentre Report from Italy.,"Antibiotics (Basel, Switzerland)",PubMed,,,,Segatore_2022
10.3390/antibiotics11081045,36009914,PMC9404926,2022,Jacobmeyer,Genomic Analysis of Acinetobacter baumannii Isolates Carrying OXA-23 and OXA-58 Genes from Animals Reveals ST1 and ST25 as Major Clonal Lineages.,"Antibiotics (Basel, Switzerland)",PubMed,,,,Jacobmeyer_2022
10.1186/s12866-022-02612-z,35971084,PMC9380347,2022,Xiong,Transcriptomic analysis reveals the regulatory role of quorum sensing in the Acinetobacter baumannii ATCC 19606 via RNA-seq.,BMC microbiology,PubMed,,,,Xiong_2022
10.1007/s00284-022-02976-5,35947200,,2022,Ghalavand,Characterization of Sequence Types and Mechanisms of Resistance to Tigecycline Among Acinetobacter baumannii Isolated from Children.,Current microbiology,PubMed,,,,Ghalavand_2022
10.1128/spectrum.00829-22,35938813,PMC9430643,2022,Wang,CRISPR-Cas in Acinetobacter baumannii Contributes to Antibiotic Susceptibility by Targeting Endogenous AbaI.,Microbiology spectrum,PubMed,,,,Wang_2022_2
10.1093/femspd/ftac029,35867872,,2022,Kashyap,3-indoleacetonitrile attenuates biofilm formation and enhances sensitivity to imipenem in Acinetobacter baumannii.,Pathogens and disease,PubMed,,,,Kashyap_2022
10.1128/spectrum.01027-22,35862954,PMC9431217,2022,Cui,The Cell-Cell Communication Signal Indole Controls the Physiology and Interspecies Communication of Acinetobacter baumannii.,Microbiology spectrum,PubMed,,,,Cui_2022
10.3897/folmed.63.e56566,35851208,,2021,Abbaszadeh,Genetic characterization of extensive drug resistant Acinetobacter baumannii: an appalling impediment.,Folia medica,PubMed,,,,Abbaszadeh_2021
10.3389/fmicb.2022.926170,35733960,PMC9207386,2022,Zore,Repurposing the Sphingosine-1-Phosphate Receptor Modulator Etrasimod as an Antibacterial Agent Against Gram-Positive Bacteria.,Frontiers in microbiology,PubMed,,,,Zore_2022
10.1371/journal.pgen.1010020,35653398,PMC9162365,2022,Djahanschiri,Evolutionarily stable gene clusters shed light on the common grounds of pathogenicity in the Acinetobacter calcoaceticus-baumannii complex.,PLoS genetics,PubMed,,,,Djahanschiri_2022
10.3390/pharmaceutics14050967,35631553,PMC9144697,2022,Golberg,"Anti-Virulence Activity of 3,3'-Diindolylmethane (DIM): A Bioactive Cruciferous Phytochemical with Accelerated Wound Healing Benefits.",Pharmaceutics,PubMed,,,,Golberg_2022
10.3390/metabo12050449,35629953,PMC9146490,2022,Charalambous,Proteobacteria and Firmicutes Secreted Factors Exert Distinct Effects on Pseudomonas aeruginosa Infection under Normoxia or Mild Hypoxia.,Metabolites,PubMed,,,,Charalambous_2022
10.3390/antibiotics11050594,35625238,PMC9138137,2022,Nogbou,"Whole-Genome Sequencing of a Colistin-Resistant Acinetobacter baumannii Strain Isolated at a Tertiary Health Facility in Pretoria, South Africa.","Antibiotics (Basel, Switzerland)",PubMed,,,,Nogbou_2022
10.1111/jam.15609,35503000,,2022,Elshaer,"Ketoprofen, piroxicam and indomethacin-suppressed quorum sensing and virulence factors in Acinetobacter baumannii.",Journal of applied microbiology,PubMed,,,,Elshaer_2022
10.1016/j.micres.2022.127032,35483311,,2022,Law,"The role of quorum sensing, biofilm formation, and iron acquisition as key virulence mechanisms in Acinetobacter baumannii and the corresponding anti-virulence strategies.",Microbiological research,PubMed,,,,Law_2022
10.3389/fmed.2022.793615,35402433,PMC8987773,2022,Roy,Convergence of Biofilm Formation and Antibiotic Resistance in Acinetobacter baumannii Infection.,Frontiers in medicine,PubMed,,,,Roy_2022
10.1111/1462-2920.15985,35352448,PMC9790458,2022,Romero,Mushroom-shaped structures formed in Acinetobacter baumannii biofilms grown in a roller bioreactor are associated with quorum sensing-dependent Csu-pilus assembly.,Environmental microbiology,PubMed,,,,Romero_2022
10.1016/j.jmgm.2022.108168,35339024,,2022,Jha,An extensive computational study to identify potential inhibitors of Acyl-homoserine-lactone synthase from Acinetobacter baumannii (strain AYE).,Journal of molecular graphics & modelling,PubMed,,,,Jha_2022_2
10.1128/spectrum.01768-21,35196792,PMC8865539,2022,Li,Synergistic Inhibitory Effect of Polymyxin B in Combination with Ceftazidime against Robust Biofilm Formed by Acinetobacter baumannii with Genetic Deficiency in AbaI/AbaR Quorum Sensing.,Microbiology spectrum,PubMed,,,,Li_2022
10.1016/j.micinf.2022.104951,35151875,,2022,Vogel,Fighting Acinetobacter baumannii infections with the acylase PvdQ.,Microbes and infection,PubMed,,,,Vogel_2022
10.1002/jcp.30683,35083758,,2022,Kaushik,Therapeutic strategies against potential antibiofilm targets of multidrug-resistant Acinetobacter baumannii.,Journal of cellular physiology,PubMed,,,,Kaushik_2022
10.1128/mbio.02631-21,35073754,PMC8787482,2022,Godeux,Interbacterial Transfer of Carbapenem Resistance and Large Antibiotic Resistance Islands by Natural Transformation in Pathogenic Acinetobacter.,mBio,PubMed,,,,Godeux_2022
10.3390/v14010033,35062236,PMC8778864,2021,Wienhold,Preclinical Assessment of Bacteriophage Therapy against Experimental Acinetobacter baumannii Lung Infection.,Viruses,PubMed,,,,Wienhold_2021
10.3390/antibiotics11010061,35052938,PMC8773049,2022,Ghosh,Phytocompound Mediated Blockage of Quorum Sensing Cascade in ESKAPE Pathogens.,"Antibiotics (Basel, Switzerland)",PubMed,,,,Ghosh_2022
10.1016/j.cimid.2022.101747,35030534,,2022,Shahbandeh,"The antimicrobial effect of quorum sensing autoinducers of Pseudomonas aeruginosa, C12-HSL and C4-HSL, against MDR Staphylococcus aureus isolates.","Comparative immunology, microbiology and infectious diseases",PubMed,,,,Shahbandeh_2022
10.1080/08927014.2021.2015336,34961388,,2021,Jothipandiyan,Heteroleptic pincer palladium(II) complex coated orthopedic implants impede the AbaI/AbaR quorum sensing system and biofilm development by Acinetobacter baumannii.,Biofouling,PubMed,,,,Jothipandiyan_2021
10.2174/1871526522666211220121725,34931970,,2022,Pourhajibagher,Evaluation of Antimicrobial Effects of Photo-sonodynamic Antimicrobial Chemotherapy Based on Nano-micelle Curcumin on Virulence Gene Expression Patterns in Acinetobacter baumannii.,Infectious disorders drug targets,PubMed,,,,Pourhajibagher_2022
10.1099/mgen.0.000705,34874246,PMC8767349,2021,Koong,Phylogenomics of two ST1 antibiotic-susceptible non-clinical Acinetobacter baumannii strains reveals multiple lineages and complex evolutionary history in global clone 1.,Microbial genomics,PubMed,,,,Koong_2021
10.3389/fcimb.2021.778331,34805000,PMC8601201,2021,Tierney,A LysR-Type Transcriptional Regulator Controls Multiple Phenotypes in Acinetobacter baumannii.,Frontiers in cellular and infection microbiology,PubMed,,,,Tierney_2021
10.1016/j.micres.2021.126911,34763140,,2021,Li,Integrating transcriptomics and metabolomics analysis on kojic acid combating Acinetobacter baumannii biofilm and its potential roles.,Microbiological research,PubMed,,,,Li_2021
10.1080/21505594.2021.1995253,34696704,PMC8583241,2021,Kim,Global regulator DksA modulates virulence of Acinetobacter baumannii.,Virulence,PubMed,,,,Kim_2021
10.3390/antibiotics10101266,34680848,PMC8532685,2021,Luís,Screening of the Potential Bioactivities of Pennyroyal (Mentha pulegium L.) Essential Oil.,"Antibiotics (Basel, Switzerland)",PubMed,,,,Lus_2021
10.3390/antibiotics10101196,34680777,PMC8532878,2021,Wang,Co-Occurrence of blaOXA-23 in the Chromosome and Plasmid: Increased Fitness in Carbapenem-Resistant Acinetobacter baumannii.,"Antibiotics (Basel, Switzerland)",PubMed,,,,Wang_2021
10.3390/ijms22189921,34576087,PMC8465190,2021,Lin,Role of Iron-Containing Alcohol Dehydrogenases in Acinetobacter baumannii ATCC 19606 Stress Resistance and Virulence.,International journal of molecular sciences,PubMed,,,,Lin_2021
10.3390/biomedicines9091133,34572317,PMC8466663,2021,Khadke,Assessment of Antibiofilm Potencies of Nervonic and Oleic Acid against Acinetobacter baumannii Using In Vitro and Computational Approaches.,Biomedicines,PubMed,,,,Khadke_2021
10.1038/s41598-021-98101-w,34531538,PMC8446060,2021,Rodgers,Histone-like nucleoid-structuring protein (H-NS) regulatory role in antibiotic resistance in Acinetobacter baumannii.,Scientific reports,PubMed,,,,Rodgers_2021
10.1007/s00284-021-02649-9,34522980,PMC8557393,2021,Le,"Effect of Serum Albumin, a Component of Human Pleural Fluid, on Transcriptional and Phenotypic Changes on Acinetobacter baumannii A118.",Current microbiology,PubMed,,,,Le_2021
10.1007/s00284-021-02654-y,34522977,PMC8439540,2021,Sun,Mechanism Underlying the Role of LuxR Family Transcriptional Regulator abaR in Biofilm Formation by Acinetobacter baumannii.,Current microbiology,PubMed,,,,Sun_2021
10.3390/pharmaceutics13081162,34452123,PMC8401170,2021,Yan,The Influence of Formulation Components and Environmental Humidity on Spray-Dried Phage Powders for Treatment of Respiratory Infections Caused by Acinetobacter baumannii.,Pharmaceutics,PubMed,,,,Yan_2021
10.3389/fmicb.2021.676510,34394026,PMC8359898,2021,Lazar,Modulation of Quorum Sensing and Biofilms in Less Investigated Gram-Negative ESKAPE Pathogens.,Frontiers in microbiology,PubMed,,,,Lazar_2021
10.3390/antibiotics10070833,34356754,PMC8300715,2021,Pimentel,Interaction of Acinetobacter baumannii with Human Serum Albumin: Does the Host Determine the Outcome?,"Antibiotics (Basel, Switzerland)",PubMed,,,,Pimentel_2021
10.3389/fmicb.2021.679241,34322102,PMC8312687,2021,Sun,The abaI/abaR Quorum Sensing System Effects on Pathogenicity in Acinetobacter baumannii.,Frontiers in microbiology,PubMed,,,,Sun_2021_2
10.1016/j.micpath.2021.105097,34284088,,2021,Seleem,"Could the analgesic drugs, paracetamol and indomethacin, function as quorum sensing inhibitors?",Microbial pathogenesis,PubMed,,,,Seleem_2021
10.2147/IDR.S310081,34262306,PMC8274629,2021,Li,Phenotypic and Genotypic Characteristics of Biofilm Formation in Clinical Isolates of Acinetobacter baumannii.,Infection and drug resistance,PubMed,,,,Li_2021_2
10.1038/s41598-021-92845-1,34183737,PMC8239052,2021,Tuttobene,Blue light directly modulates the quorum network in the human pathogen Acinetobacter baumannii.,Scientific reports,PubMed,,,,Tuttobene_2021
10.3390/v13061034,34072620,PMC8229158,2021,Deng,Genomic Analysis of a Novel Phage Infecting the Turkey Pathogen Escherichia coli APEC O78 and Its Endolysin Activity.,Viruses,PubMed,,,,Deng_2021
10.1016/j.micpath.2021.104997,34048890,,2021,Usmani,"Antimicrobial and biofilm inhibiting potential of an amide derivative [N-(2', 4'-dinitrophenyl)-3β-hydroxyurs-12-en-28-carbonamide] of ursolic acid by modulating membrane potential and quorum sensing against colistin resistant Acinetobacter baumannii.",Microbial pathogenesis,PubMed,,,,Usmani_2021
10.1038/s41598-021-90208-4,34031472,PMC8144575,2021,Hetta,Antibiofilm and antivirulence potential of silver nanoparticles against multidrug-resistant Acinetobacter baumannii.,Scientific reports,PubMed,,,,Hetta_2021
10.1021/acsami.0c16921,33945683,,2021,Slavin,Novel Lignin-Capped Silver Nanoparticles against Multidrug-Resistant Bacteria.,ACS applied materials & interfaces,PubMed,,,,Slavin_2021
10.3390/pathogens10040471,33924559,PMC8069197,2021,Pimentel,Human Pleural Fluid and Human Serum Albumin Modulate the Behavior of a Hypervirulent and Multidrug-Resistant (MDR) Acinetobacter baumannii Representative Strain.,"Pathogens (Basel, Switzerland)",PubMed,,,,Pimentel_2021_2
10.1016/j.pdpdt.2021.102288,33836275,,2021,Pourhajibagher,The anti-biofilm capability of nano-emodin-mediated sonodynamic therapy on multi-species biofilms produced by burn wound bacterial strains.,Photodiagnosis and photodynamic therapy,PubMed,,,,Pourhajibagher_2021
10.3390/pathogens10020205,33668622,PMC7918744,2021,Tyumentseva,Genomic and Phenotypic Analysis of Multidrug-Resistant Acinetobacter baumannii Clinical Isolates Carrying Different Types of CRISPR/Cas Systems.,"Pathogens (Basel, Switzerland)",PubMed,,,,Tyumentseva_2021
10.3389/fmicb.2021.558003,33597937,PMC7882596,2021,Zhong,Quorum Sensing Inhibition or Quenching in Acinetobacter baumannii: The Novel Therapeutic Strategies for New Drug Development.,Frontiers in microbiology,PubMed,,,,Zhong_2021
10.1128/mSystems.00981-20,33500331,PMC7842365,2021,Rajput,Pangenome Analytics Reveal Two-Component Systems as Conserved Targets in ESKAPEE Pathogens.,mSystems,PubMed,,,,Rajput_2021
10.1128/JB.00635-20,33495249,PMC8088503,2021,López-Martín,"AbaM Regulates Quorum Sensing, Biofilm Formation, and Virulence in Acinetobacter baumannii.",Journal of bacteriology,PubMed,,,,LpezMartn_2021
10.1128/mSystems.01007-20,33293405,PMC7743143,2020,Fischer,"Phenotypic and Genomic Comparison of the Two Most Common ExoU-Positive Pseudomonas aeruginosa Clones, PA14 and ST235.",mSystems,PubMed,,,,Fischer_2020
10.2220/biomedres.41.259,33268670,,2020,Yamabe,Direct anti-biofilm effects of macrolides on Acinetobacter baumannii: comprehensive and comparative demonstration by a simple assay using microtiter plate combined with peg-lid.,"Biomedical research (Tokyo, Japan)",PubMed,,,,Yamabe_2020
10.2147/IDR.S276970,33262621,PMC7699449,2020,Tang,Contribution of the AbaI/AbaR Quorum Sensing System to Resistance and Virulence of Acinetobacter baumannii Clinical Strains.,Infection and drug resistance,PubMed,,,,Tang_2020
10.1016/j.jsps.2020.09.002,33250645,PMC7679466,2020,Alam,Siphonocholin isolated from red sea sponge Siphonochalina siphonella attenuates quorum sensing controlled virulence and biofilm formation.,Saudi pharmaceutical journal : SPJ : the official publication of the Saudi Pharmaceutical Society,PubMed,,,,Alam_2020
10.3390/microorganisms8111834,33233348,PMC7700524,2020,Gilbert-Girard,Screening of FDA-Approved Drugs Using a 384-Well Plate-Based Biofilm Platform: The Case of Fingolimod.,Microorganisms,PubMed,,,,GilbertGirard_2020
10.3390/antibiotics9110817,33212840,PMC7698371,2020,Shenkutie,Biofilm-Induced Antibiotic Resistance in Clinical Acinetobacter baumannii Isolates.,"Antibiotics (Basel, Switzerland)",PubMed,,,,Shenkutie_2020
10.1002/cbdv.202000786,33188577,,2020,Ušjak,"Methoxy-Substituted Hydroxychalcone Reduces Biofilm Production, Adhesion and Surface Motility of Acinetobacter baumannii by Inhibiting ompA Gene Expression.",Chemistry & biodiversity,PubMed,,,,Ujak_2020
10.3390/antibiotics9110731,33114334,PMC7690887,2020,Gonçalves,Ayahuasca Beverages: Phytochemical Analysis and Biological Properties.,"Antibiotics (Basel, Switzerland)",PubMed,,,,Gonalves_2020
10.3390/plants9111418,33114026,PMC7690738,2020,Alreshidi,"Phytochemical Screening, Antibacterial, Antifungal, Antiviral, Cytotoxic, and Anti-Quorum-Sensing Properties of Teucrium polium L. Aerial Parts Methanolic Extract.","Plants (Basel, Switzerland)",PubMed,,,,Alreshidi_2020
10.1080/08927014.2020.1831480,33103466,,2020,Paul Bhattacharya,Quorum quenching activity of pentacyclic triterpenoids leads to inhibition of biofilm formation by Acinetobacter baumannii.,Biofouling,PubMed,,,,PaulBhattacharya_2020
10.3389/fmicb.2020.565548,33101239,PMC7554515,2020,Mayer,Quorum Sensing as a Target for Controlling Surface Associated Motility and Biofilm Formation in Acinetobacter baumannii ATCC® 17978TM.,Frontiers in microbiology,PubMed,,,,Mayer_2020
10.1007/s13258-020-01005-8,33025548,,2020,Oh,AbaR is a LuxR type regulator essential for motility and the formation of biofilm and pellicle in Acinetobacter baumannii.,Genes & genomics,PubMed,,,,Oh_2020
10.3389/fmed.2020.00426,32974360,PMC7461965,2020,Vukotic,"Characterization, Antibiofilm, and Depolymerizing Activity of Two Phages Active on Carbapenem-Resistant Acinetobacter baumannii.",Frontiers in medicine,PubMed,,,,Vukotic_2020
10.3389/fmicb.2020.01407,32903329,PMC7396526,2020,Wang,Identification of a Novel Acinetobacter baumannii Phage-Derived Depolymerase and Its Therapeutic Application in Mice.,Frontiers in microbiology,PubMed,,,,Wang_2020
10.3389/fmicb.2020.01532,32849322,PMC7431629,2020,Liu,Antimicrobial Peptide Cec4 Eradicates the Bacteria of Clinical Carbapenem-Resistant Acinetobacter baumannii Biofilm.,Frontiers in microbiology,PubMed,,,,Liu_2020
10.1128/mSphere.00793-20,32848010,PMC7449629,2020,Huang,The H-NS Regulator Plays a Role in the Stress Induced by Carbapenemase Expression in Acinetobacter baumannii.,mSphere,PubMed,,,,Huang_2020
10.1080/09593330.2020.1811389,32814501,,2020,Kaur,Degradation of n-hexanoyl homoserine lactone with quorum quenching bacteria immobilised magnetic nanocomposite beads.,Environmental technology,PubMed,,,,Kaur_2020
10.1016/j.micpath.2020.104451,32805359,,2020,Zhang,Alcohol dehydrogenase modulates quorum sensing in biofilm formations of Acinetobacter baumannii.,Microbial pathogenesis,PubMed,,,,Zhang_2020
10.1128/AAC.00951-20,32778544,PMC7508600,2020,Godeux,Scarless Removal of Large Resistance Island AbaR Results in Antibiotic Susceptibility and Increased Natural Transformability in Acinetobacter baumannii.,Antimicrobial agents and chemotherapy,PubMed,,,,Godeux_2020
10.1016/j.bmc.2020.115606,32690261,,2020,Yang,"Synthesis and antibiofilm evaluation of 3-hydroxy-2,3-dihydroquinazolin-4(1H)-one derivatives against opportunistic pathogen Acinetobacter baumannii.",Bioorganic & medicinal chemistry,PubMed,,,,Yang_2020
10.2174/1871526520666200525170318,32484105,,2021,Al Marjania,"Evaluation of type II Toxin-Antitoxin Systems, Antibiotic Resistance Profiles, and Biofilm Quorum Sensing Genes in Acinetobacter Baumannii Isolates in Iraq.",Infectious disorders drug targets,PubMed,,,,AlMarjania_2021
10.1128/mSphere.00349-20,32461273,PMC7253598,2020,Bi,Comparative Analysis of AbaR-Type Genomic Islands Reveals Distinct Patterns of Genetic Features in Elements with Different Backbones.,mSphere,PubMed,,,,Bi_2020
10.3389/fimmu.2020.00805,32457749,PMC7225314,2020,Parducho,The Antimicrobial Peptide Human Beta-Defensin 2 Inhibits Biofilm Production of Pseudomonas aeruginosa Without Compromising Metabolic Activity.,Frontiers in immunology,PubMed,,,,Parducho_2020
10.1159/000508461,32380504,PMC7768151,2020,Khamari,Molecular Analyses of Biofilm-Producing Clinical Acinetobacter baumannii Isolates from a South Indian Tertiary Care Hospital.,"Medical principles and practice : international journal of the Kuwait University, Health Science Centre",PubMed,,,,Khamari_2020
10.3390/antibiotics9040200,32331271,PMC7235909,2020,Styles,Investigating Bacteriophages Targeting the Opportunistic Pathogen Acinetobacter baumannii.,"Antibiotics (Basel, Switzerland)",PubMed,,,,Styles_2020
10.1007/s10096-020-03882-z,32328851,PMC7180647,2020,Seleem,Drugs with new lease of life as quorum sensing inhibitors: for combating MDR Acinetobacter baumannii infections.,European journal of clinical microbiology & infectious diseases : official publication of the European Society of Clinical Microbiology,PubMed,,,,Seleem_2020
10.1128/JB.00045-20,32229531,PMC7253615,2020,Pérez-Varela,Characterization of RelA in Acinetobacter baumannii.,Journal of bacteriology,PubMed,,,,PrezVarela_2020
10.1016/j.pdpdt.2020.101717,32165339,,2020,Pourhajibagher,Potentiation effects of antimicrobial photodynamic therapy on quorum sensing genes expression: A promising treatment for multi-species bacterial biofilms in burn wound infections.,Photodiagnosis and photodynamic therapy,PubMed,,,,Pourhajibagher_2020
10.1007/s42770-020-00235-y,32086747,PMC7203316,2020,Ahmed,Inhibition of quorum sensing-associated virulence factors and biofilm formation in Pseudomonas aeruginosa PAO1 by Mycoleptodiscus indicus PUTY1.,Brazilian journal of microbiology : [publication of the Brazilian Society for Microbiology],PubMed,,,,Ahmed_2020
10.1016/j.ijmm.2020.151412,32081464,PMC7263877,2020,Zhu,Complete genome sequence and genome-scale metabolic modelling of Acinetobacter baumannii type strain ATCC 19606.,International journal of medical microbiology : IJMM,PubMed,,,,Zhu_2020
10.3855/jidc.11455,32065820,,2019,Nor A'shimi,Biocide susceptibilities and biofilm-forming capacities of Acinetobacter baumannii clinical isolates from Malaysia.,Journal of infection in developing countries,PubMed,,,,NorAshimi_2019
10.2147/IDR.S228981,31853190,PMC6914661,2019,Amin,"Association Between Biofilm Formation, Structure, and the Expression Levels of Genes Related to biofilm formation and Biofilm-Specific Resistance of Acinetobacter baumannii Strains Isolated from Burn Infection in Ahvaz, Iran.",Infection and drug resistance,PubMed,,,,Amin_2019
10.1089/mdr.2019.0243,31816255,,2019,Al-Kadmy,Prevalence of Genes Involved in Colistin Resistance in Acinetobacter baumannii: First Report from Iraq.,"Microbial drug resistance (Larchmont, N.Y.)",PubMed,,,,AlKadmy_2019
10.1186/s12866-019-1643-z,31771504,PMC6880639,2019,Chen,Effect of calcium on the interaction of Acinetobacter baumannii with human respiratory epithelial cells.,BMC microbiology,PubMed,,,,Chen_2019
10.1016/j.fitote.2019.104433,31760066,,2019,Yu,The alarming antimicrobial resistance in ESKAPEE pathogens: Can essential oils come to the rescue?,Fitoterapia,PubMed,,,,Yu_2019
10.3389/fchem.2019.00742,31737611,PMC6838868,2019,Qvortrup,Small Molecule Anti-biofilm Agents Developed on the Basis of Mechanistic Understanding of Biofilm Formation.,Frontiers in chemistry,PubMed,,,,Qvortrup_2019
10.1016/j.margen.2019.100719,31680055,,2019,Zhang,"Complete genome sequence of Acinetobacter baumanni J1, a quorum sensing-producing algicidal bacterium, isolated from Eastern Pacific Ocean.",Marine genomics,PubMed,,,,Zhang_2019
10.1016/j.plasmid.2019.102432,31326448,,2019,Moran,B/O plasmid R16 from 1956 carries an In1-like class 1 integron embedded in a complex region containing parts of the Acinetobacter baumannii AbaR resistance island.,Plasmid,PubMed,,,,Moran_2019
10.2147/IDR.S199993,31190904,PMC6512781,2019,Navidifar,"Effects of sub-inhibitory concentrations of meropenem and tigecycline on the expression of genes regulating pili, efflux pumps and virulence factors involved in biofilm formation by Acinetobacter baumannii.",Infection and drug resistance,PubMed,,,,Navidifar_2019
10.1038/s41598-019-44242-y,31118466,PMC6531439,2019,Dettweiler,"American Civil War plant medicines inhibit growth, biofilm formation, and quorum sensing by multidrug-resistant bacteria.",Scientific reports,PubMed,,,,Dettweiler_2019
10.1111/jam.14330,31102552,,2019,Saipriya,Quorum-sensing system in Acinetobacter baumannii: a potential target for new drug development.,Journal of applied microbiology,PubMed,,,,Saipriya_2019
10.1016/j.jgar.2019.05.005,31100499,,2019,Leshkasheli,Efficacy of newly isolated and highly potent bacteriophages in a mouse model of extensively drug-resistant Acinetobacter baumannii bacteraemia.,Journal of global antimicrobial resistance,PubMed,,,,Leshkasheli_2019
10.3390/genes10040282,30965610,PMC6523755,2019,Ng,Characterization and Transcriptome Studies of Autoinducer Synthase Gene from Multidrug Resistant Acinetobacter baumannii Strain 863.,Genes,PubMed,,,,Ng_2019
10.1128/AAC.02526-18,30917986,PMC6437538,2019,Bi,Large-Scale Identification of AbaR-Type Genomic Islands in Acinetobacter baumannii Reveals Diverse Insertion Sites and Clonal Lineage-Specific Antimicrobial Resistance Gene Profiles.,Antimicrobial agents and chemotherapy,PubMed,,,,Bi_2019
10.1099/mgen.0.000258,30806611,PMC6487312,2019,Meumann,Genomic epidemiology of severe community-onset Acinetobacter baumannii infection.,Microbial genomics,PubMed,,,,Meumann_2019
10.1007/978-1-4939-9118-1_23,30798561,PMC7240881,2019,Paulk Tierney,Methods for Detecting N-Acyl Homoserine Lactone Production in Acinetobacter baumannii.,"Methods in molecular biology (Clifton, N.J.)",PubMed,,,,PaulkTierney_2019
10.1007/978-1-4939-9118-1_6,30798544,,2019,Ravi,A New Method for Determination of Minimum Biofilm Eradication Concentration for Accurate Antimicrobial Therapy.,"Methods in molecular biology (Clifton, N.J.)",PubMed,,,,Ravi_2019
10.3389/fphar.2019.00067,30792655,PMC6374630,2019,Richwagen,Antibacterial Activity of Kalanchoe mortagei and K. fedtschenkoi Against ESKAPE Pathogens.,Frontiers in pharmacology,PubMed,,,,Richwagen_2019
,30672433,,2018,Hatami Moghadam,Assessment of biofilm formation among clinical isolates of Acinetobacter baumannii in burn wounds in the west of Iran.,"Cellular and molecular biology (Noisy-le-Grand, France)",PubMed,,,,HatamiMoghadam_2018
10.1016/j.ijpharm.2018.12.075,30639217,,2019,Costoya,Immobilization of antimicrobial and anti-quorum sensing enzymes onto GMA-grafted poly(vinyl chloride) catheters.,International journal of pharmaceutics,PubMed,,,,Costoya_2019
10.3389/fmicb.2018.03105,30619184,PMC6304438,2018,Fernandez-Garcia,Relationship Between the Quorum Network (Sensing/Quenching) and Clinical Features of Pneumonia and Bacteraemia Caused by A. baumannii.,Frontiers in microbiology,PubMed,,,,FernandezGarcia_2018
10.1016/j.micpath.2018.11.043,30503958,,2018,Shaaban,Biotechnological applications of quorum sensing inhibition as novel therapeutic strategies for multidrug resistant pathogens.,Microbial pathogenesis,PubMed,,,,Shaaban_2018
10.1016/j.drup.2018.10.003,30472242,,2018,Hamidian,"The AbaR antibiotic resistance islands found in Acinetobacter baumannii global clone 1 - Structure, origin and evolution.",Drug resistance updates : reviews and commentaries in antimicrobial and anticancer chemotherapy,PubMed,,,,Hamidian_2018
10.1128/JVI.01163-18,30463964,PMC6364002,2019,Oliveira,Functional Analysis and Antivirulence Properties of a New Depolymerase from a Myovirus That Infects Acinetobacter baumannii Capsule K45.,Journal of virology,PubMed,,,,Oliveira_2019
10.3389/fcimb.2018.00310,30271754,PMC6146095,2018,Mayer,Multiple Quorum Quenching Enzymes Are Active in the Nosocomial Pathogen Acinetobacter baumannii ATCC17978.,Frontiers in cellular and infection microbiology,PubMed,,,,Mayer_2018
10.1016/j.gendis.2018.03.004,30258941,PMC6146548,2018,Karlapudi,In silico sgRNA tool design for CRISPR control of quorum sensing in Acinetobacter species.,Genes & diseases,PubMed,,,,Karlapudi_2018
10.1016/j.carbpol.2018.08.083,30241827,,2018,Costa,Exploring chitosan nanoparticles as effective inhibitors of antibiotic resistant skin microorganisms - From in vitro to ex vitro testing.,Carbohydrate polymers,PubMed,,,,Costa_2018
10.1038/s41598-018-32344-y,30237558,PMC6147977,2018,Jansen,Enhanced antibacterial effect of the novel T4-like bacteriophage KARL-1 in combination with antibiotics against multi-drug resistant Acinetobacter baumannii.,Scientific reports,PubMed,,,,Jansen_2018
10.1016/j.meegid.2018.09.010,30227225,,2018,Tiwari,Differential anti-microbial secondary metabolites in different ESKAPE pathogens explain their adaptation in the hospital setup.,"Infection, genetics and evolution : journal of molecular epidemiology and evolutionary genetics in infectious diseases",PubMed,,,,Tiwari_2018
10.1128/CMR.00023-18,30068737,PMC6148185,2018,Trastoy,Mechanisms of Bacterial Tolerance and Persistence in the Gastrointestinal and Respiratory Environments.,Clinical microbiology reviews,PubMed,,,,Trastoy_2018
10.1038/s41598-018-28988-5,30050039,PMC6062542,2018,Bergonzi,"Structural and Biochemical Characterization of AaL, a Quorum Quenching Lactonase with Unusual Kinetic Properties.",Scientific reports,PubMed,,,,Bergonzi_2018
10.3389/fmicb.2018.01348,29997585,PMC6030374,2018,Castañeda-Tamez,Pyocyanin Restricts Social Cheating in Pseudomonas aeruginosa.,Frontiers in microbiology,PubMed,,,,CastaedaTamez_2018
10.1080/08927014.2018.1473387,29869541,,2018,Sivaranjani,Inhibitory effect of α-mangostin on Acinetobacter baumannii biofilms - an in vitro study.,Biofouling,PubMed,,,,Sivaranjani_2018
10.1371/journal.pone.0194556,29554105,PMC5858813,2018,Sato,Sub-minimum inhibitory concentrations of colistin and polymyxin B promote Acinetobacter baumannii biofilm formation.,PloS one,PubMed,,,,Sato_2018
10.3389/fmolb.2018.00015,29487854,PMC5816815,2018,Milton,Re-sensitizing Multidrug Resistant Bacteria to Antibiotics by Targeting Bacterial Response Regulators: Characterization and Comparison of Interactions between 2-Aminoimidazoles and the Response Regulators BfmR from Acinetobacter baumannii and QseB from Francisella spp.,Frontiers in molecular biosciences,PubMed,,,,Milton_2018
10.1038/s41598-018-20847-7,29410443,PMC5802823,2018,López,Evolution of the Quorum network and the mobilome (plasmids and bacteriophages) in clinical strains of Acinetobacter baumannii during a decade.,Scientific reports,PubMed,,,,Lpez_2018
10.3390/ijms19010214,29320462,PMC5796163,2018,Nicol,Unsaturated Fatty Acids Affect Quorum Sensing Communication System and Inhibit Motility and Biofilm Formation of Acinetobacter baumannii.,International journal of molecular sciences,PubMed,,,,Nicol_2018
10.1097/SLA.0000000000002504,29099398,PMC6568008,2019,Barki,Electric Field Based Dressing Disrupts Mixed-Species Bacterial Biofilm Infection and Restores Functional Wound Healing.,Annals of surgery,PubMed,,,,Barki_2019
10.1021/acschembio.7b00458,28829573,PMC5600713,2017,Gerdt,Chemical Interrogation of LuxR-type Quorum Sensing Receptors Reveals New Insights into Receptor Selectivity and the Potential for Interspecies Bacterial Signaling.,ACS chemical biology,PubMed,,,,Gerdt_2017
10.1002/mbo3.510,28714256,PMC5635159,2017,Chen,"A1S_2811, a CheA/Y-like hybrid two-component regulator from Acinetobacter baumannii ATCC17978, is involved in surface motility and biofilm formation in this bacterium.",MicrobiologyOpen,PubMed,,,,Chen_2017
10.1007/s00203-017-1408-8,28688010,,2017,Erdönmez,Quorum sensing molecules production by nosocomial and soil isolates Acinetobacter baumannii.,Archives of microbiology,PubMed,,,,Erdnmez_2017
10.3389/fcimb.2017.00143,28536672,PMC5423435,2017,López,Response to Bile Salts in Clinical Strains of Acinetobacter baumannii Lacking the AdeABC Efflux Pump: Virulence Associated with Quorum Sensing.,Frontiers in cellular and infection microbiology,PubMed,,,,Lpez_2017
10.3892/mmr.2017.6528,28487993,PMC5436197,2017,Dou,Acinetobacter baumannii quorum-sensing signalling molecule induces the expression of drug-resistance genes.,Molecular medicine reports,PubMed,,,,Dou_2017
10.7717/peerj.3251,28462048,PMC5410158,2017,Zhang,Pitfalls associated with evaluating enzymatic quorum quenching activity: the case of MomL and its effect on Pseudomonas aeruginosa and Acinetobacter baumannii biofilms.,PeerJ,PubMed,,,,Zhang_2017
10.1093/infdis/jiw529,28375520,,2017,Murray,Global Gene Expression Profile of Acinetobacter baumannii During Bacteremia.,The Journal of infectious diseases,PubMed,,,,Murray_2017
10.1099/mgen.0.000052,28348844,PMC5320584,2016,Holt,"Five decades of genome evolution in the globally distributed, extensively antibiotic-resistant Acinetobacter baumannii global clone 1.",Microbial genomics,PubMed,,,,Holt_2016
10.1371/journal.pone.0174454,28328989,PMC5362224,2017,López,Quorum sensing network in clinical strains of A. baumannii: AidA is a new quorum quenching enzyme.,PloS one,PubMed,,,,Lpez_2017_2
10.1007/s12223-017-0507-x,28238067,,2017,Savari,Acquisition of Tn6018-3' CS regions increases colistin MICs against Acinetobacter baumannii isolates harboring new variants of AbaRs.,Folia microbiologica,PubMed,,,,Savari_2017
,28056745,,2017,Castillo-Juarez,Exploiting Quorum Sensing Inhibition for the Control of Pseudomonas Aeruginosa and Acinetobacter Baumannii Biofilms.,Current topics in medicinal chemistry,PubMed,,,,CastilloJuarez_2017
10.3390/genes8010012,28036056,PMC5295007,2016,Kröger,Genetic Regulation of Virulence and Antibiotic Resistance in Acinetobacter baumannii.,Genes,PubMed,,,,Krger_2016
10.1080/08927014.2016.1253684,27882771,,2016,Yaniv,Functional marine metagenomic screening for anti-quorum sensing and anti-biofilm activity.,Biofouling,PubMed,,,,Yaniv_2016
10.1007/5584_2016_93,27864804,PMC5438303,2017,Cardile,Activity of Norspermidine on Bacterial Biofilms of Multidrug-Resistant Clinical Isolates Associated with Persistent Extremity Wound Infections.,Advances in experimental medicine and biology,PubMed,,,,Cardile_2017
10.1016/j.ijantimicag.2016.09.024,27842758,,2016,Choi,Characterisation of successive Acinetobacter baumannii isolates from a deceased haemophagocytic lymphohistiocytosis patient.,International journal of antimicrobial agents,PubMed,,,,Choi_2016
10.4103/0971-5916.193295,27834332,PMC5116906,2016,Gala,Attenuation of quorum sensing-regulated behaviour by Tinospora cordifolia extract & identification of its active constituents.,The Indian journal of medical research,PubMed,,,,Gala_2016
10.1080/08927014.2016.1221946,27643959,,2016,John,The quorum sensing molecule N-acyl homoserine lactone produced by Acinetobacter baumannii displays antibacterial and anticancer properties.,Biofouling,PubMed,,,,John_2016
10.1371/journal.pone.0162576,27622249,PMC5021322,2016,Selasi,"Differences in Biofilm Mass, Expression of Biofilm-Associated Genes, and Resistance to Desiccation between Epidemic and Sporadic Clones of Carbapenem-Resistant Acinetobacter baumannii Sequence Type 191.",PloS one,PubMed,,,,Selasi_2016
10.1128/genomeA.00431-16,27563033,PMC5000817,2016,Buttimer,Genome Sequence of Jumbo Phage vB_AbaM_ME3 of Acinetobacter baumanni.,Genome announcements,PubMed,,,,Buttimer_2016
10.1016/j.pdpdt.2016.07.007,27444886,,2016,Pourhajibagher,Modulation of virulence in Acinetobacter baumannii cells surviving photodynamic treatment with toluidine blue.,Photodiagnosis and photodynamic therapy,PubMed,,,,Pourhajibagher_2016
,27307980,PMC4906721,2016,Modarresi,Cloning and expression of quorum sensing N-acyl-homoserine synthase (LuxI) gene detected in Acinetobacter baumannii.,Iranian journal of microbiology,PubMed,,,,Modarresi_2016
10.1128/mSphere.00117-16,27303751,PMC4899885,2016,Blackwell,IncM Plasmid R1215 Is the Source of Chromosomally Located Regions Containing Multiple Antibiotic Resistance Genes in the Globally Disseminated Acinetobacter baumannii GC1 and GC2 Clones.,mSphere,PubMed,,,,Blackwell_2016
10.1038/srep26930,27240484,PMC4886253,2016,Liu,Analysis of tigecycline resistance development in clinical Acinetobacter baumannii isolates through a combined genomic and transcriptomic approach.,Scientific reports,PubMed,,,,Liu_2016
10.12659/msm.898959,27234982,PMC4913728,2016,Liu,Biofilm-Related Genes: Analyses in Multi-Antibiotic Resistant Acinetobacter Baumannii Isolates From Mainland China.,Medical science monitor : international medical journal of experimental and clinical research,PubMed,,,,Liu_2016_2
10.1128/AAC.02180-15,27001817,PMC4879401,2016,Tan,Candida albicans Airway Colonization Facilitates Subsequent Acinetobacter baumannii Pneumonia in a Rat Model.,Antimicrobial agents and chemotherapy,PubMed,,,,Tan_2016
10.1080/08927014.2015.1133810,26901586,,2016,Alves,"Study of the major essential oil compounds of Coriandrum sativum against Acinetobacter baumannii and the effect of linalool on adhesion, biofilms and quorum sensing.",Biofouling,PubMed,,,,Alves_2016
10.3791/53243,26779961,PMC4780937,2016,Tay,Anti-virulent Disruption of Pathogenic Biofilms using Engineered Quorum-quenching Lactonases.,Journal of visualized experiments : JoVE,PubMed,,,,Tay_2016
10.1128/AAC.02662-15,26666934,PMC4775934,2015,Blackwell,"Evolution of AbGRI2-0, the Progenitor of the AbGRI2 Resistance Island in Global Clone 2 of Acinetobacter baumannii.",Antimicrobial agents and chemotherapy,PubMed,,,,Blackwell_2015
10.2217/fmb.15.107,26582430,,2015,Bhargava,Attenuation of quorum sensing-mediated virulence of Acinetobacter baumannii by Glycyrrhiza glabra flavonoids.,Future microbiology,PubMed,,,,Bhargava_2015
10.1128/AAC.01540-15,26482299,PMC4704244,2015,Kostoulias,Impact of a Cross-Kingdom Signaling Molecule of Candida albicans on Acinetobacter baumannii Physiology.,Antimicrobial agents and chemotherapy,PubMed,,,,Kostoulias_2015
10.1111/apm.12455,26350174,,2015,Modarresi,"Effect of iron on expression of efflux pump (adeABC) and quorum sensing (luxI, luxR) genes in clinical isolates of Acinetobacter baumannii.","APMIS : acta pathologica, microbiologica, et immunologica Scandinavica",PubMed,,,,Modarresi_2015
10.7860/JCDR/2015/13069.6084,26266122,PMC4525511,2015,Kandi,Biofilm Production Correlating with Multidrug Resistance Among Clinical Isolates of Acinetobacter baumannii.,Journal of clinical and diagnostic research : JCDR,PubMed,,,,Kandi_2015
10.1128/AAC.01175-15,26100696,PMC4538507,2015,Kim,AbaR-type genomic islands in non-baumannii Acinetobacter species isolates from South Korea.,Antimicrobial agents and chemotherapy,PubMed,,,,Kim_2015
10.1128/AAC.00877-15,26033730,PMC4505227,2015,He,Biofilm Formation Caused by Clinical Acinetobacter baumannii Isolates Is Associated with Overexpression of the AdeFGH Efflux Pump.,Antimicrobial agents and chemotherapy,PubMed,,,,He_2015
10.1128/JB.00188-15,26013481,PMC4518826,2015,Tipton,Phase-Variable Control of Multiple Phenotypes in Acinetobacter baumannii Strain AB5075.,Journal of bacteriology,PubMed,,,,Tipton_2015
10.1186/s12866-015-0397-5,25888221,PMC4381447,2015,Luo,Enhancing pili assembly and biofilm formation in Acinetobacter baumannii ATCC19606 using non-native acyl-homoserine lactones.,BMC microbiology,PubMed,,,,Luo_2015
10.1111/1348-0421.12252,25726848,,2015,Saranathan,Emergence of carbapenem non-susceptible multidrug resistant Acinetobacter baumannii strains of clonal complexes 103(B) and 92(B) harboring OXA-type carbapenemases and metallo-β-lactamases in Southern India.,Microbiology and immunology,PubMed,,,,Saranathan_2015
10.1007/s00253-015-6439-y,25693672,,2015,Jung,Acinetobacter species as model microorganisms in environmental microbiology: current state and perspectives.,Applied microbiology and biotechnology,PubMed,,,,Jung_2015
10.1080/21505594.2014.1003001,25622119,PMC4601488,2015,Modarresi,Iron limitation enhances acyl homoserine lactone (AHL) production and biofilm formation in clinical isolates of Acinetobacter baumannii.,Virulence,PubMed,,,,Modarresi_2015_2
10.1186/1471-2164-15-1163,25534766,PMC4367897,2014,Liu,Comparative genomic analysis of Acinetobacter baumannii clinical isolates reveals extensive genomic variation and diverse antibiotic resistance determinants.,BMC genomics,PubMed,,,,Liu_2014
10.1128/AAC.04609-14,25487793,PMC4335871,2014,Li,Evolution of carbapenem-resistant Acinetobacter baumannii revealed through whole-genome sequencing and comparative genomic analysis.,Antimicrobial agents and chemotherapy,PubMed,,,,Li_2014
10.1186/1471-2164-15-815,25260865,PMC4192346,2014,Chang,Transcriptome profiling in imipenem-selected Acinetobacter baumannii.,BMC genomics,PubMed,,,,Chang_2014
10.1093/gbe/evu176,25164683,PMC4202317,2014,Traglia,Whole-genome sequence analysis of the naturally competent Acinetobacter baumannii clinical isolate A118.,Genome biology and evolution,PubMed,,,,Traglia_2014
10.1371/journal.pone.0104853,25111143,PMC4128745,2014,Merabishvili,Characterization of newly isolated lytic bacteriophages active against Acinetobacter baumannii.,PloS one,PubMed,,,,Merabishvili_2014
10.1155/2014/891041,25101326,PMC4101932,2014,Chan,Tandem mass spectrometry detection of quorum sensing activity in multidrug resistant clinical isolate Acinetobacter baumannii.,TheScientificWorldJournal,PubMed,,,,Chan_2014
10.1186/1471-2180-14-181,24996449,PMC4094691,2014,Peng,"Characterization, sequencing and comparative genomic analysis of vB_AbaM-IME-AB2, a novel lytic bacteriophage that infects multidrug-resistant Acinetobacter baumannii clinical isolates.",BMC microbiology,PubMed,,,,Peng_2014
10.1107/S1399004714008311,24914982,PMC4051507,2014,Allen,Structural and bioinformatic characterization of an Acinetobacter baumannii type II carrier protein.,"Acta crystallographica. Section D, Biological crystallography",PubMed,,,,Allen_2014
10.1128/IAI.01600-14,24891106,PMC4136213,2014,Bhargava,Pyocyanin stimulates quorum sensing-mediated tolerance to oxidative stress and increases persister cell populations in Acinetobacter baumannii.,Infection and immunity,PubMed,,,,Bhargava_2014
10.1128/AAC.02410-13,24379199,PMC3957888,2013,Chow,Disruption of biofilm formation by the human pathogen Acinetobacter baumannii using engineered quorum-quenching lactonases.,Antimicrobial agents and chemotherapy,PubMed,,,,Chow_2013
10.1371/journal.pone.0080140,24367477,PMC3868577,2013,Que,A quorum sensing small volatile molecule promotes antibiotic tolerance in bacteria.,PloS one,PubMed,,,,Que_2013
10.1021/pr400603f,24299215,,2013,Gayoso,Molecular mechanisms involved in the response to desiccation stress and persistence in Acinetobacter baumannii.,Journal of proteome research,PubMed,,,,Gayoso_2013
10.1093/jac/dkt454,24235096,PMC3956371,2013,Hamidian,A GC1 Acinetobacter baumannii isolate carrying AbaR3 and the aminoglycoside resistance transposon TnaphA6 in a conjugative plasmid.,The Journal of antimicrobial chemotherapy,PubMed,,,,Hamidian_2013
10.1371/journal.pone.0072968,24023660,PMC3758355,2013,Rumbo-Feal,Whole transcriptome analysis of Acinetobacter baumannii assessed by RNA-sequencing reveals different mRNA expression profiles in biofilm compared to planktonic cells.,PloS one,PubMed,,,,RumboFeal_2013
10.1128/JCM.01388-13,23985923,PMC3889758,2013,Vilacoba,Outbreak of extensively drug-resistant Acinetobacter baumannii indigo-pigmented strains.,Journal of clinical microbiology,PubMed,,,,Vilacoba_2013
10.1128/AAC.00633-13,23939892,PMC3811275,2013,Kim,Spread of carbapenem-resistant Acinetobacter baumannii global clone 2 in Asia and AbaR-type resistance islands.,Antimicrobial agents and chemotherapy,PubMed,,,,Kim_2013
10.1371/annotation/8f2ddf91-3499-4627-9a91-449b78465f9d,23853689,PMC3634625,2013,Garner,Retraction: Stereochemical insignificance discovered in Acinetobacter baumannii quorum sensing.,PloS one,PubMed,,,,Garner_2013
10.1371/journal.pone.0066584,23826102,PMC3691203,2013,Zhu,Complete genome analysis of three Acinetobacter baumannii clinical isolates in China for insight into the diversification of drug resistance elements.,PloS one,PubMed,,,,Zhu_2013
10.1080/08927014.2013.796939,23777289,,2013,Golberg,"Coral-associated bacteria, quorum sensing disrupters, and the regulation of biofouling.",Biofouling,PubMed,,,,Golberg_2013
10.1007/s00284-013-0326-5,23397241,,2013,Ramírez,Spreading of AbaR-type genomic islands in multidrug resistance Acinetobacter baumannii strains belonging to different clonal complexes.,Current microbiology,PubMed,,,,Ramrez_2013
10.1128/AAC.02161-12,23318804,PMC3623334,2013,Saroj,Streptomycin inhibits quorum sensing in Acinetobacter baumannii.,Antimicrobial agents and chemotherapy,PubMed,,,,Saroj_2013
10.1039/c2ob27155a,23258305,PMC3566574,2012,Stacy,Synthesis and biological evaluation of triazole-containing N-acyl homoserine lactones as quorum sensing modulators.,Organic & biomolecular chemistry,PubMed,,,,Stacy_2012
10.1093/jac/dks459,23169892,,2012,Nigro,"A novel family of genomic resistance islands, AbGRI2, contributing to aminoglycoside resistance in Acinetobacter baumannii isolates belonging to global clone 2.",The Journal of antimicrobial chemotherapy,PubMed,,,,Nigro_2012
10.3343/alm.2012.32.5.324,22950067,PMC3427819,2012,Sung,"AbaR7, a genomic resistance island found in multidrug-resistant Acinetobacter baumannii isolates in Daejeon, Korea.",Annals of laboratory medicine,PubMed,,,,Sung_2012
10.1080/08927014.2012.714372,22867087,,2012,Bhargava,N-acyl homoserine lactone mediated interspecies interactions between A. baumannii and P. aeruginosa.,Biofouling,PubMed,,,,Bhargava_2012
10.1021/cb300351x,22853441,PMC3477293,2012,Stacy,Attenuation of quorum sensing in the pathogen Acinetobacter baumannii using non-native N-Acyl homoserine lactones.,ACS chemical biology,PubMed,,,,Stacy_2012_2
10.2436/20.1501.01.161,22847269,,2012,Bitrian,Identification of virulence markers in clinically relevant strains of Acinetobacter genospecies.,International microbiology : the official journal of the Spanish Society for Microbiology,PubMed,,,,Bitrian_2012
10.1007/s12275-012-1555-1,22752907,,2012,McQueary,Extracellular stress and lipopolysaccharide modulate Acinetobacter baumannii surface-associated motility.,"Journal of microbiology (Seoul, Korea)",PubMed,,,,McQueary_2012
10.1099/jmm.0.038968-0,22723256,,2012,Arduino,Transposons and integrons in colistin-resistant clones of Klebsiella pneumoniae and Acinetobacter baumannii with epidemic or sporadic behaviour.,Journal of medical microbiology,PubMed,,,,Arduino_2012
10.1128/AAC.00880-12,22668861,PMC3421569,2012,Kim,Variations of AbaR4-type resistance islands in Acinetobacter baumannii isolates from South Korea.,Antimicrobial agents and chemotherapy,PubMed,,,,Kim_2012
10.1371/journal.pone.0037102,22629354,PMC3358330,2012,Garner,Stereochemical insignificance discovered in Acinetobacter baumannii quorum sensing.,PloS one,PubMed,,,,Garner_2012
10.1128/AAC.05678-11,22290980,PMC3318354,2012,Seputiene,Novel variants of AbaR resistance islands with a common backbone in Acinetobacter baumannii isolates of European clone II.,Antimicrobial agents and chemotherapy,PubMed,,,,Seputiene_2012
10.1093/jac/dkr413,21965430,,2011,Bonnin,AbaR-type transposon structures in Acinetobacter baumannii.,The Journal of antimicrobial chemotherapy,PubMed,,,,Bonnin_2011
10.1093/jac/dkr356,21873287,,2011,Hamidian,AbaR4 replaces AbaR3 in a carbapenem-resistant Acinetobacter baumannii isolate belonging to global clone 1 from an Australian hospital.,The Journal of antimicrobial chemotherapy,PubMed,,,,Hamidian_2011
10.1128/AAC.01134-10,21788470,PMC3187012,2011,Zhou,Genomic analysis of the multidrug-resistant Acinetobacter baumannii strain MDR-ZJ06 widely spread in China.,Antimicrobial agents and chemotherapy,PubMed,,,,Zhou_2011
10.1099/mic.0.049791-0,21700662,PMC3352170,2011,Clemmer,Genetic analysis of surface motility in Acinetobacter baumannii.,"Microbiology (Reading, England)",PubMed,,,,Clemmer_2011
10.1128/AAC.00221-11,21537009,PMC3122396,2011,Krizova,Diversity and evolution of AbaR genomic resistance islands in Acinetobacter baumannii strains of European clone I.,Antimicrobial agents and chemotherapy,PubMed,,,,Krizova_2011
10.1007/s12275-011-0315-y,21369976,,2011,Kang,Acinetobacter oleivorans sp. nov. is capable of adhering to and growing on diesel-oil.,"Journal of microbiology (Seoul, Korea)",PubMed,,,,Kang_2011
10.1128/JCM.02335-10,21289143,PMC3122835,2011,Turton,Use of the accessory genome for characterization and typing of Acinetobacter baumannii.,Journal of clinical microbiology,PubMed,,,,Turton_2011
10.1128/AAC.01595-10,21282446,PMC3067174,2011,Ramirez,Genomic analysis of Acinetobacter baumannii A118 by comparison of optical maps: identification of structures related to its susceptibility phenotype.,Antimicrobial agents and chemotherapy,PubMed,,,,Ramirez_2011
10.3109/1040841X.2010.512269,20846031,,2010,Bhargava,Quorum sensing in Acinetobacter: an emerging pathogen.,Critical reviews in microbiology,PubMed,,,,Bhargava_2010
10.1093/jac/dkq095,20375036,,2010,Post,Evolution of AbaR-type genomic resistance islands in multiply antibiotic-resistant Acinetobacter baumannii.,The Journal of antimicrobial chemotherapy,PubMed,,,,Post_2010
,19623895,,2009,González,Quorum sensing signal profile of Acinetobacter strains from nosocomial and environmental sources.,Revista Argentina de microbiologia,PubMed,,,,Gonzlez_2009
10.1128/AAC.01533-08,19332683,PMC2687231,2009,Peleg,Galleria mellonella as a model system to study Acinetobacter baumannii pathogenesis and therapeutics.,Antimicrobial agents and chemotherapy,PubMed,,,,Peleg_2009
10.1073/pnas.0805048105,18794525,PMC2567192,2008,Peleg,Prokaryote-eukaryote interactions identified by using Caenorhabditis elegans.,Proceedings of the National Academy of Sciences of the United States of America,PubMed,,,,Peleg_2008
10.1371/journal.pone.0001805,18350144,PMC2265553,2008,Vallenet,Comparative analysis of Acinetobacters: three genomes for three lifestyles.,PloS one,PubMed,,,,Vallenet_2008
10.1128/JB.01929-07,18281398,PMC2347373,2008,Niu,Isolation and characterization of an autoinducer synthase from Acinetobacter baumannii.,Journal of bacteriology,PubMed,,,,Niu_2008
10.1016/j.micres.2005.03.005,16255145,,2005,Boşgelmez-Tinaz,N-butanoyl-L-homoserine lactone (BHL) deficient Pseudomonas aeruginosa isolates from an intensive care unit.,Microbiological research,PubMed,,,,BogelmezTinaz_2005
